{
    "loss": 1.7144837379455566,
    "accuracy": 0.7410072088241577
}