{
    "loss": 8.304433822631836,
    "accuracy": 0.5035971403121948
}