{
    "loss": 13.818058013916016,
    "accuracy": 0.5467625856399536
}